Title,Category ,Genre,Author ,Website,Good reads rating ,Published,Rank,Author Ethnicity,Language,ImageFile
The Impossible Fortune,Fiction,Mystery ,Richard Osman,https://www.thetimes.com/culture/books/article/sunday-times-top-50-bestselling-books-2025-7tp7g5lpf?gaa_at=eafs&gaa_n=AWEtsqcEnuiEHqoyRSSDgVSvTRHG7AgrN13f9cmXZAq7X1wkKA2vpIkSO4lOQTDayvc%3D&gaa_ts=69bef89c&gaa_sig=MBx1VBmwz5ExZZlMPnmbhQUbUskJl_juoSAtYYjC7I7_ACB3Gg_OvxwQr9WCcAxoGlLc7tXHtdogxS7ENXYKTg%3D%3D,4 stars,30.09.2025,#1,Western/Northern European,English ,The-Impossible-Fortune.jpg
The Housemaid,Fiction,Thriller ,Freida McFadden,https://www.thetimes.com/culture/books/article/sunday-times-top-50-bestselling-books-2025-7tp7g5lpf?gaa_at=eafs&gaa_n=AWEtsqcEnuiEHqoyRSSDgVSvTRHG7AgrN13f9cmXZAq7X1wkKA2vpIkSO4lOQTDayvc%3D&gaa_ts=69bef89c&gaa_sig=MBx1VBmwz5ExZZlMPnmbhQUbUskJl_juoSAtYYjC7I7_ACB3Gg_OvxwQr9WCcAxoGlLc7tXHtdogxS7ENXYKTg%3D%3D,4 stars,26.04.2022,#2,White (North American),English ,The-Housemaid.jpg
Sunrise on the Reaping,Fiction,Dystopia,Suzanne Collins,https://www.thetimes.com/culture/books/article/sunday-times-top-50-bestselling-books-2025-7tp7g5lpf?gaa_at=eafs&gaa_n=AWEtsqcEnuiEHqoyRSSDgVSvTRHG7AgrN13f9cmXZAq7X1wkKA2vpIkSO4lOQTDayvc%3D&gaa_ts=69bef89c&gaa_sig=MBx1VBmwz5ExZZlMPnmbhQUbUskJl_juoSAtYYjC7I7_ACB3Gg_OvxwQr9WCcAxoGlLc7tXHtdogxS7ENXYKTg%3D%3D,4.5 stars,18.03.2025,#3,White (North American),English ,Sunrise-On-The-Reaping.jpg
We Solve Murders,Fiction,Mystery ,Richard Osman,https://www.thetimes.com/culture/books/article/sunday-times-top-50-bestselling-books-2025-7tp7g5lpf?gaa_at=eafs&gaa_n=AWEtsqcEnuiEHqoyRSSDgVSvTRHG7AgrN13f9cmXZAq7X1wkKA2vpIkSO4lOQTDayvc%3D&gaa_ts=69bef89c&gaa_sig=MBx1VBmwz5ExZZlMPnmbhQUbUskJl_juoSAtYYjC7I7_ACB3Gg_OvxwQr9WCcAxoGlLc7tXHtdogxS7ENXYKTg%3D%3D,4 stars,17.09.2024,#4,Western/Northern European,English ,We-Solve-Murders.jpg
Onyx Storm,Fiction,Fantasy,Rebecca Yarros,https://www.thetimes.com/culture/books/article/sunday-times-top-50-bestselling-books-2025-7tp7g5lpf?gaa_at=eafs&gaa_n=AWEtsqcEnuiEHqoyRSSDgVSvTRHG7AgrN13f9cmXZAq7X1wkKA2vpIkSO4lOQTDayvc%3D&gaa_ts=69bef89c&gaa_sig=MBx1VBmwz5ExZZlMPnmbhQUbUskJl_juoSAtYYjC7I7_ACB3Gg_OvxwQr9WCcAxoGlLc7tXHtdogxS7ENXYKTg%3D%3D,4 stars,21.01.2025,#5,White (North American),English ,Onyx-Storm.jpg
Always Remember,Non- fiction ,Self Help,Charlie Mackesy,https://www.thetimes.com/culture/books/article/sunday-times-top-50-bestselling-books-2025-7tp7g5lpf?gaa_at=eafs&gaa_n=AWEtsqcEnuiEHqoyRSSDgVSvTRHG7AgrN13f9cmXZAq7X1wkKA2vpIkSO4lOQTDayvc%3D&gaa_ts=69bef89c&gaa_sig=MBx1VBmwz5ExZZlMPnmbhQUbUskJl_juoSAtYYjC7I7_ACB3Gg_OvxwQr9WCcAxoGlLc7tXHtdogxS7ENXYKTg%3D%3D,4.5 stars,14.10.2025,#6,Western/Northern European,English ,Always-Remember.jpg
Cozy Corner,Non- fiction ,Other,Coco Wyo,https://www.thetimes.com/culture/books/article/sunday-times-top-50-bestselling-books-2025-7tp7g5lpf?gaa_at=eafs&gaa_n=AWEtsqcEnuiEHqoyRSSDgVSvTRHG7AgrN13f9cmXZAq7X1wkKA2vpIkSO4lOQTDayvc%3D&gaa_ts=69bef89c&gaa_sig=MBx1VBmwz5ExZZlMPnmbhQUbUskJl_juoSAtYYjC7I7_ACB3Gg_OvxwQr9WCcAxoGlLc7tXHtdogxS7ENXYKTg%3D%3D,5 stars,18.03.2025,#7,Southeast Asian,English ,Cozy-Corner.jpg
The Secret of Secrets,Fiction,Thriller ,Dan Brown,https://www.thetimes.com/culture/books/article/sunday-times-top-50-bestselling-books-2025-7tp7g5lpf?gaa_at=eafs&gaa_n=AWEtsqcEnuiEHqoyRSSDgVSvTRHG7AgrN13f9cmXZAq7X1wkKA2vpIkSO4lOQTDayvc%3D&gaa_ts=69bef89c&gaa_sig=MBx1VBmwz5ExZZlMPnmbhQUbUskJl_juoSAtYYjC7I7_ACB3Gg_OvxwQr9WCcAxoGlLc7tXHtdogxS7ENXYKTg%3D%3D,4 stars,09.09.2025,#8,White (North American),English ,The-Secret-of-Secrets.jpg
Fourth Wing,Fiction,Fantasy,Rebecca Yarros,https://www.thetimes.com/culture/books/article/sunday-times-top-50-bestselling-books-2025-7tp7g5lpf?gaa_at=eafs&gaa_n=AWEtsqcEnuiEHqoyRSSDgVSvTRHG7AgrN13f9cmXZAq7X1wkKA2vpIkSO4lOQTDayvc%3D&gaa_ts=69bef89c&gaa_sig=MBx1VBmwz5ExZZlMPnmbhQUbUskJl_juoSAtYYjC7I7_ACB3Gg_OvxwQr9WCcAxoGlLc7tXHtdogxS7ENXYKTg%3D%3D,4 stars,02.05.2023,#9,White (North American),English ,Fourth-Wing.jpg
A Court of Thorns and Roses,Fiction,Fantasy,Sarah J. Maas,https://www.thetimes.com/culture/books/article/sunday-times-top-50-bestselling-books-2025-7tp7g5lpf?gaa_at=eafs&gaa_n=AWEtsqcEnuiEHqoyRSSDgVSvTRHG7AgrN13f9cmXZAq7X1wkKA2vpIkSO4lOQTDayvc%3D&gaa_ts=69bef89c&gaa_sig=MBx1VBmwz5ExZZlMPnmbhQUbUskJl_juoSAtYYjC7I7_ACB3Gg_OvxwQr9WCcAxoGlLc7tXHtdogxS7ENXYKTg%3D%3D,4 stars,05.05.2015,#10,White (North American),English ,A-Court-of-Thorns-and-Roses.jpg
The Women,Fiction,Historical,Kristin Hannah,https://www.thetimes.com/culture/books/article/sunday-times-top-50-bestselling-books-2025-7tp7g5lpf?gaa_at=eafs&gaa_n=AWEtsqcEnuiEHqoyRSSDgVSvTRHG7AgrN13f9cmXZAq7X1wkKA2vpIkSO4lOQTDayvc%3D&gaa_ts=69bef89c&gaa_sig=MBx1VBmwz5ExZZlMPnmbhQUbUskJl_juoSAtYYjC7I7_ACB3Gg_OvxwQr9WCcAxoGlLc7tXHtdogxS7ENXYKTg%3D%3D,4.5 stars,06.02.2024,#11,White (North American),English ,The-Women.jpg
The Let Them Theory,Non- fiction ,Self Help,Mel Robbins,https://www.thetimes.com/culture/books/article/sunday-times-top-50-bestselling-books-2025-7tp7g5lpf?gaa_at=eafs&gaa_n=AWEtsqcEnuiEHqoyRSSDgVSvTRHG7AgrN13f9cmXZAq7X1wkKA2vpIkSO4lOQTDayvc%3D&gaa_ts=69bef89c&gaa_sig=MBx1VBmwz5ExZZlMPnmbhQUbUskJl_juoSAtYYjC7I7_ACB3Gg_OvxwQr9WCcAxoGlLc7tXHtdogxS7ENXYKTg%3D%3D,4 stars,24.12.2024,#12,White (North American),English ,The-Let-Them-Theory.jpg
Eat Yourself Healthy,Non- fiction ,Other,Jamie Oliver,https://www.thetimes.com/culture/books/article/sunday-times-top-50-bestselling-books-2025-7tp7g5lpf?gaa_at=eafs&gaa_n=AWEtsqcEnuiEHqoyRSSDgVSvTRHG7AgrN13f9cmXZAq7X1wkKA2vpIkSO4lOQTDayvc%3D&gaa_ts=69bef89c&gaa_sig=MBx1VBmwz5ExZZlMPnmbhQUbUskJl_juoSAtYYjC7I7_ACB3Gg_OvxwQr9WCcAxoGlLc7tXHtdogxS7ENXYKTg%3D%3D,4 stars,05.01.2021,#13,Western/Northern European,English ,Eat-Yourself-Healthy.jpg
The Hotel Avocado,Fiction,Other,Bob Mortimer,https://www.thetimes.com/culture/books/article/sunday-times-top-50-bestselling-books-2025-7tp7g5lpf?gaa_at=eafs&gaa_n=AWEtsqcEnuiEHqoyRSSDgVSvTRHG7AgrN13f9cmXZAq7X1wkKA2vpIkSO4lOQTDayvc%3D&gaa_ts=69bef89c&gaa_sig=MBx1VBmwz5ExZZlMPnmbhQUbUskJl_juoSAtYYjC7I7_ACB3Gg_OvxwQr9WCcAxoGlLc7tXHtdogxS7ENXYKTg%3D%3D,4 stars,29.08.2024,#14,Western/Northern European,English ,The-Hotel-Avocado.jpg
Cozy Cuties,Non- fiction ,Other,Coco Wyo,https://www.thetimes.com/culture/books/article/sunday-times-top-50-bestselling-books-2025-7tp7g5lpf?gaa_at=eafs&gaa_n=AWEtsqcEnuiEHqoyRSSDgVSvTRHG7AgrN13f9cmXZAq7X1wkKA2vpIkSO4lOQTDayvc%3D&gaa_ts=69bef89c&gaa_sig=MBx1VBmwz5ExZZlMPnmbhQUbUskJl_juoSAtYYjC7I7_ACB3Gg_OvxwQr9WCcAxoGlLc7tXHtdogxS7ENXYKTg%3D%3D,5 stars,13.05.2025,#15,Southeast Asian,English ,Cozy-Cuties.jpg
In Too Deep,Fiction,Thriller ,Lee Child & Andrew Child,https://www.thetimes.com/culture/books/article/sunday-times-top-50-bestselling-books-2025-7tp7g5lpf?gaa_at=eafs&gaa_n=AWEtsqcEnuiEHqoyRSSDgVSvTRHG7AgrN13f9cmXZAq7X1wkKA2vpIkSO4lOQTDayvc%3D&gaa_ts=69bef89c&gaa_sig=MBx1VBmwz5ExZZlMPnmbhQUbUskJl_juoSAtYYjC7I7_ACB3Gg_OvxwQr9WCcAxoGlLc7tXHtdogxS7ENXYKTg%3D%3D,4 stars,22.10.2024,#16,Western/Northern European,English ,In-Too-Deep.jpg
Iron Flame,Fiction,Fantasy,Rebecca Yarros,https://www.thetimes.com/culture/books/article/sunday-times-top-50-bestselling-books-2025-7tp7g5lpf?gaa_at=eafs&gaa_n=AWEtsqcEnuiEHqoyRSSDgVSvTRHG7AgrN13f9cmXZAq7X1wkKA2vpIkSO4lOQTDayvc%3D&gaa_ts=69bef89c&gaa_sig=MBx1VBmwz5ExZZlMPnmbhQUbUskJl_juoSAtYYjC7I7_ACB3Gg_OvxwQr9WCcAxoGlLc7tXHtdogxS7ENXYKTg%3D%3D,4.5 stars,07.11.2023,#17,White (North American),English ,Iron-Flame.jpg
There Are Rivers in the Sky,Fiction,Historical,Elif Shafak,https://www.thetimes.com/culture/books/article/sunday-times-top-50-bestselling-books-2025-7tp7g5lpf?gaa_at=eafs&gaa_n=AWEtsqcEnuiEHqoyRSSDgVSvTRHG7AgrN13f9cmXZAq7X1wkKA2vpIkSO4lOQTDayvc%3D&gaa_ts=69bef89c&gaa_sig=MBx1VBmwz5ExZZlMPnmbhQUbUskJl_juoSAtYYjC7I7_ACB3Gg_OvxwQr9WCcAxoGlLc7tXHtdogxS7ENXYKTg%3D%3D,4 stars,08.08.2024,#18,Central Asian,English ,There-Are-Rivers-in-the-Sky.jpg
The Housemaid’s Secret,Fiction,Thriller ,Freida McFadden,https://www.thetimes.com/culture/books/article/sunday-times-top-50-bestselling-books-2025-7tp7g5lpf?gaa_at=eafs&gaa_n=AWEtsqcEnuiEHqoyRSSDgVSvTRHG7AgrN13f9cmXZAq7X1wkKA2vpIkSO4lOQTDayvc%3D&gaa_ts=69bef89c&gaa_sig=MBx1VBmwz5ExZZlMPnmbhQUbUskJl_juoSAtYYjC7I7_ACB3Gg_OvxwQr9WCcAxoGlLc7tXHtdogxS7ENXYKTg%3D%3D,4 stars,15.02.2023,#19,White (North American),English ,The-Housemaid’s-Secret.jpg
You Are Here,Fiction,Romance,David Nicholls,https://www.thetimes.com/culture/books/article/sunday-times-top-50-bestselling-books-2025-7tp7g5lpf?gaa_at=eafs&gaa_n=AWEtsqcEnuiEHqoyRSSDgVSvTRHG7AgrN13f9cmXZAq7X1wkKA2vpIkSO4lOQTDayvc%3D&gaa_ts=69bef89c&gaa_sig=MBx1VBmwz5ExZZlMPnmbhQUbUskJl_juoSAtYYjC7I7_ACB3Gg_OvxwQr9WCcAxoGlLc7tXHtdogxS7ENXYKTg%3D%3D,4 stars,23.04.2024,#20,Western/Northern European,English ,You-Are-Here.jpg
Bluey: Bluey’s Little Book,Non- fiction ,Childrens,Bluey Team,https://www.thetimes.com/culture/books/article/sunday-times-top-50-bestselling-books-2025-7tp7g5lpf?gaa_at=eafs&gaa_n=AWEtsqcEnuiEHqoyRSSDgVSvTRHG7AgrN13f9cmXZAq7X1wkKA2vpIkSO4lOQTDayvc%3D&gaa_ts=69bef89c&gaa_sig=MBx1VBmwz5ExZZlMPnmbhQUbUskJl_juoSAtYYjC7I7_ACB3Gg_OvxwQr9WCcAxoGlLc7tXHtdogxS7ENXYKTg%3D%3D,3.5 stars,13.02.2025,#21,Western/Northern European,English ,Bluey-Bluey’s-Little-Book.jpg
The New Neighbours,Fiction,Thriller ,Claire Douglas,https://www.thetimes.com/culture/books/article/sunday-times-top-50-bestselling-books-2025-7tp7g5lpf?gaa_at=eafs&gaa_n=AWEtsqcEnuiEHqoyRSSDgVSvTRHG7AgrN13f9cmXZAq7X1wkKA2vpIkSO4lOQTDayvc%3D&gaa_ts=69bef89c&gaa_sig=MBx1VBmwz5ExZZlMPnmbhQUbUskJl_juoSAtYYjC7I7_ACB3Gg_OvxwQr9WCcAxoGlLc7tXHtdogxS7ENXYKTg%3D%3D,4 stars,13.03.2025,#22,Western/Northern European,English ,The-New-Neighbours.jpg
Diary of a Wimpy Kid Partypooper,Fiction,Childrens,Jeff Kinney,https://www.thetimes.com/culture/books/article/sunday-times-top-50-bestselling-books-2025-7tp7g5lpf?gaa_at=eafs&gaa_n=AWEtsqcEnuiEHqoyRSSDgVSvTRHG7AgrN13f9cmXZAq7X1wkKA2vpIkSO4lOQTDayvc%3D&gaa_ts=69bef89c&gaa_sig=MBx1VBmwz5ExZZlMPnmbhQUbUskJl_juoSAtYYjC7I7_ACB3Gg_OvxwQr9WCcAxoGlLc7tXHtdogxS7ENXYKTg%3D%3D,4 stars,21.10.2025,#23,White (North American),English ,Diary-of-a-Wimpy-Kid-Partypooper.jpg
The Tenant,Fiction,Thriller ,Freida McFadden,https://www.thetimes.com/culture/books/article/sunday-times-top-50-bestselling-books-2025-7tp7g5lpf?gaa_at=eafs&gaa_n=AWEtsqcEnuiEHqoyRSSDgVSvTRHG7AgrN13f9cmXZAq7X1wkKA2vpIkSO4lOQTDayvc%3D&gaa_ts=69bef89c&gaa_sig=MBx1VBmwz5ExZZlMPnmbhQUbUskJl_juoSAtYYjC7I7_ACB3Gg_OvxwQr9WCcAxoGlLc7tXHtdogxS7ENXYKTg%3D%3D,4 stars,06.05.2025,#24,White (North American),English ,The-Tenant.jpg
The List of Suspicious Things,Fiction,Mystery ,Jennie Godfrey,https://www.thetimes.com/culture/books/article/sunday-times-top-50-bestselling-books-2025-7tp7g5lpf?gaa_at=eafs&gaa_n=AWEtsqcEnuiEHqoyRSSDgVSvTRHG7AgrN13f9cmXZAq7X1wkKA2vpIkSO4lOQTDayvc%3D&gaa_ts=69bef89c&gaa_sig=MBx1VBmwz5ExZZlMPnmbhQUbUskJl_juoSAtYYjC7I7_ACB3Gg_OvxwQr9WCcAxoGlLc7tXHtdogxS7ENXYKTg%3D%3D,4 stars,15.02.2024,#25,Western/Northern European,English ,The-List-of-Suspicious-Things.jpg
Ward D,Fiction,Thriller ,Freida McFadden,https://www.thetimes.com/culture/books/article/sunday-times-top-50-bestselling-books-2025-7tp7g5lpf?gaa_at=eafs&gaa_n=AWEtsqcEnuiEHqoyRSSDgVSvTRHG7AgrN13f9cmXZAq7X1wkKA2vpIkSO4lOQTDayvc%3D&gaa_ts=69bef89c&gaa_sig=MBx1VBmwz5ExZZlMPnmbhQUbUskJl_juoSAtYYjC7I7_ACB3Gg_OvxwQr9WCcAxoGlLc7tXHtdogxS7ENXYKTg%3D%3D,4 stars,08.05.2023,#26,White (North American),English ,Ward-D.jpg
Guinness World Records 2026,Non- fiction ,Educational,Guinness World Records,https://www.thetimes.com/culture/books/article/sunday-times-top-50-bestselling-books-2025-7tp7g5lpf?gaa_at=eafs&gaa_n=AWEtsqcEnuiEHqoyRSSDgVSvTRHG7AgrN13f9cmXZAq7X1wkKA2vpIkSO4lOQTDayvc%3D&gaa_ts=69bef89c&gaa_sig=MBx1VBmwz5ExZZlMPnmbhQUbUskJl_juoSAtYYjC7I7_ACB3Gg_OvxwQr9WCcAxoGlLc7tXHtdogxS7ENXYKTg%3D%3D,4 stars,26.08.2025,#27,Western/Northern European,English ,Guinness-World-Records-2026.jpg
My Favourite Mistake,Fiction,Romance,Marian Keyes,https://www.thetimes.com/culture/books/article/sunday-times-top-50-bestselling-books-2025-7tp7g5lpf?gaa_at=eafs&gaa_n=AWEtsqcEnuiEHqoyRSSDgVSvTRHG7AgrN13f9cmXZAq7X1wkKA2vpIkSO4lOQTDayvc%3D&gaa_ts=69bef89c&gaa_sig=MBx1VBmwz5ExZZlMPnmbhQUbUskJl_juoSAtYYjC7I7_ACB3Gg_OvxwQr9WCcAxoGlLc7tXHtdogxS7ENXYKTg%3D%3D,4 stars,11.04.2024,#28,Western/Northern European,English ,My-Favourite-Mistake.jpg
The Thursday Murder Club,Fiction,Mystery ,Richard Osman,https://www.thetimes.com/culture/books/article/sunday-times-top-50-bestselling-books-2025-7tp7g5lpf?gaa_at=eafs&gaa_n=AWEtsqcEnuiEHqoyRSSDgVSvTRHG7AgrN13f9cmXZAq7X1wkKA2vpIkSO4lOQTDayvc%3D&gaa_ts=69bef89c&gaa_sig=MBx1VBmwz5ExZZlMPnmbhQUbUskJl_juoSAtYYjC7I7_ACB3Gg_OvxwQr9WCcAxoGlLc7tXHtdogxS7ENXYKTg%3D%3D,4 stars,03.09.2020,#29,Western/Northern European,English ,The-Thursday-Murder-Club.jpg
Here One Moment,Fiction,Mystery ,Liane Moriarty,https://www.thetimes.com/culture/books/article/sunday-times-top-50-bestselling-books-2025-7tp7g5lpf?gaa_at=eafs&gaa_n=AWEtsqcEnuiEHqoyRSSDgVSvTRHG7AgrN13f9cmXZAq7X1wkKA2vpIkSO4lOQTDayvc%3D&gaa_ts=69bef89c&gaa_sig=MBx1VBmwz5ExZZlMPnmbhQUbUskJl_juoSAtYYjC7I7_ACB3Gg_OvxwQr9WCcAxoGlLc7tXHtdogxS7ENXYKTg%3D%3D,4 stars,10.09.2024,#30,White (Oceanic),English ,Here-One-Moment.jpg
The Safekeep,Fiction,Romance,Yael van der Wouden,https://www.thetimes.com/culture/books/article/sunday-times-top-50-bestselling-books-2025-7tp7g5lpf?gaa_at=eafs&gaa_n=AWEtsqcEnuiEHqoyRSSDgVSvTRHG7AgrN13f9cmXZAq7X1wkKA2vpIkSO4lOQTDayvc%3D&gaa_ts=69bef89c&gaa_sig=MBx1VBmwz5ExZZlMPnmbhQUbUskJl_juoSAtYYjC7I7_ACB3Gg_OvxwQr9WCcAxoGlLc7tXHtdogxS7ENXYKTg%3D%3D,4 stars,05.04.2024,#31,Mixed,English ,The-Safekeep.jpg
The Housemaid Is Watching,Fiction,Thriller ,Freida McFadden,https://www.thetimes.com/culture/books/article/sunday-times-top-50-bestselling-books-2025-7tp7g5lpf?gaa_at=eafs&gaa_n=AWEtsqcEnuiEHqoyRSSDgVSvTRHG7AgrN13f9cmXZAq7X1wkKA2vpIkSO4lOQTDayvc%3D&gaa_ts=69bef89c&gaa_sig=MBx1VBmwz5ExZZlMPnmbhQUbUskJl_juoSAtYYjC7I7_ACB3Gg_OvxwQr9WCcAxoGlLc7tXHtdogxS7ENXYKTg%3D%3D,4 stars,11.06.2024,#32,White (North American),English ,The-Housemaid-Is-Watching.jpg
Dog Man The Scarlet Shedder,Fiction,Childrens,Dav Pilkey,https://www.thetimes.com/culture/books/article/sunday-times-top-50-bestselling-books-2025-7tp7g5lpf?gaa_at=eafs&gaa_n=AWEtsqcEnuiEHqoyRSSDgVSvTRHG7AgrN13f9cmXZAq7X1wkKA2vpIkSO4lOQTDayvc%3D&gaa_ts=69bef89c&gaa_sig=MBx1VBmwz5ExZZlMPnmbhQUbUskJl_juoSAtYYjC7I7_ACB3Gg_OvxwQr9WCcAxoGlLc7tXHtdogxS7ENXYKTg%3D%3D,4.5 stars,19.03.2024,#33,White (North American),English ,Dog-Man-The-Scarlet-Shedder.jpg
The Courage to Be Disliked,Non- fiction ,Educational,Ichiro Kishimi & Fumitake Koga,https://www.thetimes.com/culture/books/article/sunday-times-top-50-bestselling-books-2025-7tp7g5lpf?gaa_at=eafs&gaa_n=AWEtsqcEnuiEHqoyRSSDgVSvTRHG7AgrN13f9cmXZAq7X1wkKA2vpIkSO4lOQTDayvc%3D&gaa_ts=69bef89c&gaa_sig=MBx1VBmwz5ExZZlMPnmbhQUbUskJl_juoSAtYYjC7I7_ACB3Gg_OvxwQr9WCcAxoGlLc7tXHtdogxS7ENXYKTg%3D%3D,4 stars,12.12.2013,#34,East Asian ,English ,The-Courage-to-Be-Disliked.jpg
Butter,Fiction,Mystery ,Asako Yuzuki,https://www.thetimes.com/culture/books/article/sunday-times-top-50-bestselling-books-2025-7tp7g5lpf?gaa_at=eafs&gaa_n=AWEtsqcEnuiEHqoyRSSDgVSvTRHG7AgrN13f9cmXZAq7X1wkKA2vpIkSO4lOQTDayvc%3D&gaa_ts=69bef89c&gaa_sig=MBx1VBmwz5ExZZlMPnmbhQUbUskJl_juoSAtYYjC7I7_ACB3Gg_OvxwQr9WCcAxoGlLc7tXHtdogxS7ENXYKTg%3D%3D,3.5 stars,21.04.2017,#35,East Asian ,English ,Butter.jpg
Who’s in Acorn Wood,Fiction,Childrens,Julia Donaldson,https://www.thetimes.com/culture/books/article/sunday-times-top-50-bestselling-books-2025-7tp7g5lpf?gaa_at=eafs&gaa_n=AWEtsqcEnuiEHqoyRSSDgVSvTRHG7AgrN13f9cmXZAq7X1wkKA2vpIkSO4lOQTDayvc%3D&gaa_ts=69bef89c&gaa_sig=MBx1VBmwz5ExZZlMPnmbhQUbUskJl_juoSAtYYjC7I7_ACB3Gg_OvxwQr9WCcAxoGlLc7tXHtdogxS7ENXYKTg%3D%3D,4 stars,06.03.2025,#36,Western/Northern European,English ,Who’s-in-Acorn-Wood.jpg
A Court of Mist and Fury,Fiction,Fantasy,Sarah J. Maas,https://www.thetimes.com/culture/books/article/sunday-times-top-50-bestselling-books-2025-7tp7g5lpf?gaa_at=eafs&gaa_n=AWEtsqcEnuiEHqoyRSSDgVSvTRHG7AgrN13f9cmXZAq7X1wkKA2vpIkSO4lOQTDayvc%3D&gaa_ts=69bef89c&gaa_sig=MBx1VBmwz5ExZZlMPnmbhQUbUskJl_juoSAtYYjC7I7_ACB3Gg_OvxwQr9WCcAxoGlLc7tXHtdogxS7ENXYKTg%3D%3D,4.5 stars,03.05.2016,#37,White (North American),English ,A-Court-of-Mist-and-Fury.jpg
Blue Sisters,Fiction,Other,Coco Mellors,https://www.thetimes.com/culture/books/article/sunday-times-top-50-bestselling-books-2025-7tp7g5lpf?gaa_at=eafs&gaa_n=AWEtsqcEnuiEHqoyRSSDgVSvTRHG7AgrN13f9cmXZAq7X1wkKA2vpIkSO4lOQTDayvc%3D&gaa_ts=69bef89c&gaa_sig=MBx1VBmwz5ExZZlMPnmbhQUbUskJl_juoSAtYYjC7I7_ACB3Gg_OvxwQr9WCcAxoGlLc7tXHtdogxS7ENXYKTg%3D%3D,4 stars,23.05.2024,#38,Western/Northern European,English ,Blue-Sisters.jpg
Adventures of Paddington Farm Escape,Fiction,Childrens,HarperCollins,https://www.thetimes.com/culture/books/article/sunday-times-top-50-bestselling-books-2025-7tp7g5lpf?gaa_at=eafs&gaa_n=AWEtsqcEnuiEHqoyRSSDgVSvTRHG7AgrN13f9cmXZAq7X1wkKA2vpIkSO4lOQTDayvc%3D&gaa_ts=69bef89c&gaa_sig=MBx1VBmwz5ExZZlMPnmbhQUbUskJl_juoSAtYYjC7I7_ACB3Gg_OvxwQr9WCcAxoGlLc7tXHtdogxS7ENXYKTg%3D%3D,4 stars,13.02.2025,#39,Western/Northern European,English ,Adventures-of-Paddington-Farm-Escape.jpg
The Crash,Fiction,Thriller ,Freida McFadden,https://www.thetimes.com/culture/books/article/sunday-times-top-50-bestselling-books-2025-7tp7g5lpf?gaa_at=eafs&gaa_n=AWEtsqcEnuiEHqoyRSSDgVSvTRHG7AgrN13f9cmXZAq7X1wkKA2vpIkSO4lOQTDayvc%3D&gaa_ts=69bef89c&gaa_sig=MBx1VBmwz5ExZZlMPnmbhQUbUskJl_juoSAtYYjC7I7_ACB3Gg_OvxwQr9WCcAxoGlLc7tXHtdogxS7ENXYKTg%3D%3D,4 stars,28.01.2025,#40,White (North American),English ,The-Crash.jpg
Do Not Disturb,Fiction,Thriller ,Freida McFadden,https://www.thetimes.com/culture/books/article/sunday-times-top-50-bestselling-books-2025-7tp7g5lpf?gaa_at=eafs&gaa_n=AWEtsqcEnuiEHqoyRSSDgVSvTRHG7AgrN13f9cmXZAq7X1wkKA2vpIkSO4lOQTDayvc%3D&gaa_ts=69bef89c&gaa_sig=MBx1VBmwz5ExZZlMPnmbhQUbUskJl_juoSAtYYjC7I7_ACB3Gg_OvxwQr9WCcAxoGlLc7tXHtdogxS7ENXYKTg%3D%3D,4 stars,07.09.2021,#41,White (North American),English ,Do-Not-Disturb.jpg
Intermezzo,Fiction,Other,Sally Rooney,https://www.thetimes.com/culture/books/article/sunday-times-top-50-bestselling-books-2025-7tp7g5lpf?gaa_at=eafs&gaa_n=AWEtsqcEnuiEHqoyRSSDgVSvTRHG7AgrN13f9cmXZAq7X1wkKA2vpIkSO4lOQTDayvc%3D&gaa_ts=69bef89c&gaa_sig=MBx1VBmwz5ExZZlMPnmbhQUbUskJl_juoSAtYYjC7I7_ACB3Gg_OvxwQr9WCcAxoGlLc7tXHtdogxS7ENXYKTg%3D%3D,4 stars,24.09.2024,#42,Western/Northern European,English ,Intermezzo.jpg
Never Lie,Fiction,Thriller ,Freida McFadden,https://www.thetimes.com/culture/books/article/sunday-times-top-50-bestselling-books-2025-7tp7g5lpf?gaa_at=eafs&gaa_n=AWEtsqcEnuiEHqoyRSSDgVSvTRHG7AgrN13f9cmXZAq7X1wkKA2vpIkSO4lOQTDayvc%3D&gaa_ts=69bef89c&gaa_sig=MBx1VBmwz5ExZZlMPnmbhQUbUskJl_juoSAtYYjC7I7_ACB3Gg_OvxwQr9WCcAxoGlLc7tXHtdogxS7ENXYKTg%3D%3D,4 stars,19.09.2022,#43,White (North American),English ,Never-Lie.jpg
The Trading Game,Non- fiction ,Memoir,Gary Stevenson,https://www.thetimes.com/culture/books/article/sunday-times-top-50-bestselling-books-2025-7tp7g5lpf?gaa_at=eafs&gaa_n=AWEtsqcEnuiEHqoyRSSDgVSvTRHG7AgrN13f9cmXZAq7X1wkKA2vpIkSO4lOQTDayvc%3D&gaa_ts=69bef89c&gaa_sig=MBx1VBmwz5ExZZlMPnmbhQUbUskJl_juoSAtYYjC7I7_ACB3Gg_OvxwQr9WCcAxoGlLc7tXHtdogxS7ENXYKTg%3D%3D,4 stars,05.03.2024,#44,Western/Northern European,English ,The-Trading-Game.jpg
Atomic Habits,Non- fiction ,Self Help,James Clear,https://www.thetimes.com/culture/books/article/sunday-times-top-50-bestselling-books-2025-7tp7g5lpf?gaa_at=eafs&gaa_n=AWEtsqcEnuiEHqoyRSSDgVSvTRHG7AgrN13f9cmXZAq7X1wkKA2vpIkSO4lOQTDayvc%3D&gaa_ts=69bef89c&gaa_sig=MBx1VBmwz5ExZZlMPnmbhQUbUskJl_juoSAtYYjC7I7_ACB3Gg_OvxwQr9WCcAxoGlLc7tXHtdogxS7ENXYKTg%3D%3D,4 stars,18.10.2018,#45,White (North American),English ,Atomic-Habits.jpg
Big Jim Begins,Fiction,Childrens,Dav Pilkey,https://www.thetimes.com/culture/books/article/sunday-times-top-50-bestselling-books-2025-7tp7g5lpf?gaa_at=eafs&gaa_n=AWEtsqcEnuiEHqoyRSSDgVSvTRHG7AgrN13f9cmXZAq7X1wkKA2vpIkSO4lOQTDayvc%3D&gaa_ts=69bef89c&gaa_sig=MBx1VBmwz5ExZZlMPnmbhQUbUskJl_juoSAtYYjC7I7_ACB3Gg_OvxwQr9WCcAxoGlLc7tXHtdogxS7ENXYKTg%3D%3D,4.5 stars,03.12.2024,#46,White (North American),English ,Big-Jim-Begins.jpg
Precipice,Fiction,Historical,Robert Harris,https://www.thetimes.com/culture/books/article/sunday-times-top-50-bestselling-books-2025-7tp7g5lpf?gaa_at=eafs&gaa_n=AWEtsqcEnuiEHqoyRSSDgVSvTRHG7AgrN13f9cmXZAq7X1wkKA2vpIkSO4lOQTDayvc%3D&gaa_ts=69bef89c&gaa_sig=MBx1VBmwz5ExZZlMPnmbhQUbUskJl_juoSAtYYjC7I7_ACB3Gg_OvxwQr9WCcAxoGlLc7tXHtdogxS7ENXYKTg%3D%3D,4 stars,29.08.2024,#47,Western/Northern European,English ,Precipice.jpg
Easy Air Fryer,Non- fiction ,Educational,Jamie Oliver,https://www.thetimes.com/culture/books/article/sunday-times-top-50-bestselling-books-2025-7tp7g5lpf?gaa_at=eafs&gaa_n=AWEtsqcEnuiEHqoyRSSDgVSvTRHG7AgrN13f9cmXZAq7X1wkKA2vpIkSO4lOQTDayvc%3D&gaa_ts=69bef89c&gaa_sig=MBx1VBmwz5ExZZlMPnmbhQUbUskJl_juoSAtYYjC7I7_ACB3Gg_OvxwQr9WCcAxoGlLc7tXHtdogxS7ENXYKTg%3D%3D,3 stars,30.01.2025,#48,Western/Northern European,English ,Easy-Air-Fryer.jpg
Orbital,Fiction,Sci-fi,Samantha Harvey,https://www.thetimes.com/culture/books/article/sunday-times-top-50-bestselling-books-2025-7tp7g5lpf?gaa_at=eafs&gaa_n=AWEtsqcEnuiEHqoyRSSDgVSvTRHG7AgrN13f9cmXZAq7X1wkKA2vpIkSO4lOQTDayvc%3D&gaa_ts=69bef89c&gaa_sig=MBx1VBmwz5ExZZlMPnmbhQUbUskJl_juoSAtYYjC7I7_ACB3Gg_OvxwQr9WCcAxoGlLc7tXHtdogxS7ENXYKTg%3D%3D,3.5 stars,02.11.2023,#49,Western/Northern European,English ,Orbital.jpg
Pokemon The Epic Pocket Guide,Non- fiction ,Childrens,Glenn Dakin,https://www.thetimes.com/culture/books/article/sunday-times-top-50-bestselling-books-2025-7tp7g5lpf?gaa_at=eafs&gaa_n=AWEtsqcEnuiEHqoyRSSDgVSvTRHG7AgrN13f9cmXZAq7X1wkKA2vpIkSO4lOQTDayvc%3D&gaa_ts=69bef89c&gaa_sig=MBx1VBmwz5ExZZlMPnmbhQUbUskJl_juoSAtYYjC7I7_ACB3Gg_OvxwQr9WCcAxoGlLc7tXHtdogxS7ENXYKTg%3D%3D,4 stars,13.02.2025,#50,Western/Northern European,English ,Pokemon-The-Epic-Pocket-Guide.jpg
Fourth Wing ,Fiction,Fantasy,Rebecca Yarros ,https://www.whitcoulls.co.nz/recommends/top-100?s=SEQUENCE,4.5 stars,02.05.2023,#1,White (North American),English ,Fourth-Wing.jpg
A Court of Thorns and Roses ,Fiction,Fantasy,Sarah J. Maas ,https://www.whitcoulls.co.nz/recommends/top-100?s=SEQUENCE,4 stars,02.06.2020,#2,White (North American),English ,A-Court-of-Thorns-and-Roses.jpg
A Little Life,Fiction,Lit-Fic,Hanya Yanagihara ,https://www.whitcoulls.co.nz/recommends/top-100?s=SEQUENCE,4 stars,10.03.2015,#3,East Asian ,English ,A-Little-Life.jpg
The Nightingale ,Fiction,Romance,Kristin Hannah ,https://www.whitcoulls.co.nz/recommends/top-100?s=SEQUENCE,4.5 stars,03.02.2015,#4,White (North American),English ,The-Nightingale.jpg
The Thursday Murder Club ,Fiction,Mystery,Richard Osman ,https://www.whitcoulls.co.nz/recommends/top-100?s=SEQUENCE,4 stars,22.09.2020,#5,Western/Northern European,English ,The-Thursday-Murder-Club.jpg 
Throne of Glass,Fiction,Fantasy,Sarah J. Maas ,https://www.whitcoulls.co.nz/recommends/top-100?s=SEQUENCE,4 stars,14.02.2023,#6,White (North American),English ,Throne-of-Glass.jpg
Seven Sisters ,Fiction,Romance,Lucinda Riley ,https://www.whitcoulls.co.nz/recommends/top-100?s=SEQUENCE,4 stars,05.05.2015,#7,Western/Northern European,English ,Seven-Sisters.jpg
The Hunger Games ,Fiction,Dystopia,Suzanne Collins,https://www.whitcoulls.co.nz/recommends/top-100?s=SEQUENCE&p=1,4 stars,14.10.2008,#8,White (North American),English ,The-Hunger-Games.jpg
Boys of Tommen: Binding 13 ,Fiction,Romance,Chloe Walsh ,https://www.whitcoulls.co.nz/recommends/top-100?s=SEQUENCE&p=1,4.5 stars,26.09.2023,#9,Western/Northern European,English ,Boys-of-Tommen-Binding-13.jpg
Harry Potter The Philosophers Stone ,Fiction,Fantasy,J.K Rowling ,https://www.whitcoulls.co.nz/recommends/top-100?s=SEQUENCE&p=1,4.5 stars,08.12.2015,#10,Western/Northern European,English ,Harry-Potter-The-Philosophers-Stone.jpg
Everyday Comfort Food ,Non- fiction ,Other,Vanya Insull ,https://www.whitcoulls.co.nz/recommends/top-100?s=SEQUENCE&p=1,4 stars,01.04.2025,#11,White (Oceanic),English ,Everyday-Comfort-Food.jpg
A Good Girls Guide to Murder ,Fiction,Mystery,Holly Jackson ,https://www.whitcoulls.co.nz/recommends/top-100?s=SEQUENCE&p=1,4 stars,02.05.2019,#12,Western/Northern European,English ,A-Good-Girls-Guide-to-Murder.jpg
Pride and Prejudice ,Fiction,Romance,Jane Austen ,https://www.whitcoulls.co.nz/recommends/top-100?s=SEQUENCE&p=1,4 stars,27.06.2017,#13,Western/Northern European,English ,Pride-and-Prejudice.jpg
Powerless ,Fiction,Dystopia,Lauren Roberts ,https://www.whitcoulls.co.nz/recommends/top-100?s=SEQUENCE,4 stars,31.01.2023,#14,Unknown,English ,Powerless.jpg
Lessons In Chemistry ,Fiction,Historical,Bonnie Garmus ,https://www.whitcoulls.co.nz/recommends/top-100?s=SEQUENCE,4 stars,02.03.2023,#15,White (North American),English ,Lessons-In-Chemistry.jpg
See How they Fall ,Fiction,Mystery ,Rachel Paris ,https://www.whitcoulls.co.nz/recommends/top-100?s=SEQUENCE,4 stars,29.04.2025,#16,Western/Northern European,English ,See-How-they-Fall.jpg
Where the Crawdads sing ,Fiction,Historical,Delia Owens ,https://www.whitcoulls.co.nz/recommends/top-100?s=SEQUENCE,4.5 stars,14.08.2018,#17,White (North American),English ,Where-the-Crawdads-sing.jpg
The Seven Husbands of Evelyn Hugo ,Fiction,Romance,Taylor Jenkins Reid ,https://www.whitcoulls.co.nz/recommends/top-100?s=SEQUENCE,4.5 stars,13.06.2017,#18,White (North American),English ,The-Seven-Husbands-of-Evelyn-Hugo.jpg
Fae and Alchemy: Quicksilver ,Fiction,Fantasy,Callie Hart ,https://www.whitcoulls.co.nz/recommends/top-100?s=SEQUENCE,4 stars,03.12.2024,#19,Western/Northern European,English ,Fae-and-Alchemy-Quicksilver.jpg
The Let Them Theory ,Non- fiction ,Self Help,Mel Robbins ,https://www.whitcoulls.co.nz/recommends/top-100?s=SEQUENCE,4 stars,24.12.2025,#20,White (North American),English ,The-Let-Them-Theory.jpg
The Housemaid ,Fiction,Thriller ,Freida McFadden ,https://www.whitcoulls.co.nz/recommends/top-100?s=SEQUENCE,4 stars,26.04.2022,#21,White (North American),English ,The-Housemaid.jpg
Verity ,Fiction,Thriller ,Colleen Hoover ,https://www.whitcoulls.co.nz/recommends/top-100?s=SEQUENCE,4 stars,05.10.2021,#22,White (North American),English ,Verity.jpg
The Secret History ,Fiction,Mystery ,Donna Tart ,https://www.whitcoulls.co.nz/recommends/top-100?s=SEQUENCE,4 stars,13.04.2004,#23,White (North American),English ,The-Secret-History.jpg
Fungi of Aotearoa ,Non- fiction ,Educational,Liv Sisson,https://www.whitcoulls.co.nz/recommends/top-100?s=SEQUENCE,5 stars,02.05.2023,#24,White (North American),English ,Fungi-of-Aotearoa.jpg
Ignite Me ,Fiction,Sci-fi,Mafi Tahereh,https://www.whitcoulls.co.nz/recommends/top-100?s=SEQUENCE,4.5 stars,04.02.2014,#25,Western Asia,English ,Ignite-Me.jpg
To Kill a Mockingbird ,Fiction,Thriller,Harper Lee,https://www.whitcoulls.co.nz/recommends/top-100?s=SEQUENCE,4.5 stars,17.01.1995,#26,Western/Northern European,English ,To-Kill-a-Mockingbird.jpg
Twisted Love ,Fiction,Romance,Ana Huang ,https://www.whitcoulls.co.nz/recommends/top-100?s=SEQUENCE,4 stars,27.09.2022,#27,East Asian ,English ,Twisted-Love.jpg
The Book thief ,Fiction,Historical,Zusak Markus,https://www.whitcoulls.co.nz/recommends/top-100?s=SEQUENCE,4.5 stars,01.09.2005,#28,Western/Northern European,English ,The-Book-thief.jpg
Jack Reacher In too Deep ,Fiction,Thriller,Lee and Andrew Child ,https://www.whitcoulls.co.nz/recommends/top-100?s=SEQUENCE,4 stars,22.10.2024,#29,Western/Northern European,English ,In-Too-Deep.jpg
The Song of Achilles ,Fiction,Romance,Madeline Miller ,https://www.whitcoulls.co.nz/recommends/top-100?s=SEQUENCE,4 stars,28.08.2012,#30,White (North American),English ,The-Song-of-Achilles.jpg
Holy Bible ,Non- fiction ,Other,Zondervan ,https://www.whitcoulls.co.nz/recommends/top-100?s=SEQUENCE,4.5 stars,15.01.2008,#31,White (North American),English ,Holy-Bible.jpg
The Lord of The Rings: The fellowship of the ring ,Fiction,Fantasy,Tolkien J.R.R,https://www.whitcoulls.co.nz/recommends/top-100?s=SEQUENCE,4.5 stars,06.07.2022,#32,Western/Northern European,English ,The-Lord-of-The-Rings.jpg
Once Upon A Broken Heart ,Fiction,Fantasy,Stephanie Garber ,https://www.whitcoulls.co.nz/recommends/top-100?s=SEQUENCE,4 stars,28.09.2021,#33,White (North American),English ,Once-Upon-A-Broken-Heart.jpg
The Silent Patient ,Fiction,Thriller,Alex Michaelides ,https://www.whitcoulls.co.nz/recommends/top-100?s=SEQUENCE,4 stars,05.02.2019,#34,Mixed,English ,The-Silent-Patient.jpg
Six Crows ,Fiction,Fantasy, Leigh Bardugo,https://www.whitcoulls.co.nz/recommends/top-100?s=SEQUENCE,4.5 stars,12.07.2016,#35,White (North American),English ,Six-Crows.jpg
The Ministry of Time ,Fiction,Sci-fi,Kailane Bradley ,https://www.whitcoulls.co.nz/recommends/top-100?s=SEQUENCE,3.5 stars,08.04.2025,#36,Mixed,English ,The-Ministry-of-Time.jpg
It Ends With Us,Fiction,Romance,Colleen Hoover ,https://www.whitcoulls.co.nz/recommends/top-100?s=SEQUENCE,4 stars,18.04.2023,#37,White (North American),English ,It-Ends-With-Us.jpg
Normal People ,Fiction,Romance,Salley Rooney ,https://www.whitcoulls.co.nz/recommends/top-100?s=SEQUENCE,4 stars,16.04.2019,#38,Western/Northern European,English ,Normal-People.jpg
KingMaker ,Non- fiction ,Historical,Sonia Purnell ,https://www.whitcoulls.co.nz/recommends/top-100?s=SEQUENCE,4 stars,17.09.2024,#39,Western/Northern European,English ,KingMaker.jpg
One Dark Window ,Fiction,Fantasy,Rachel Gillig ,https://www.whitcoulls.co.nz/recommends/top-100?s=SEQUENCE,4 stars,27.09.2023,#40,White (North American),English ,One-Dark-Window.jpg
The Covenant of Water ,Fiction,Historical,Abraham Verghese,https://www.whitcoulls.co.nz/recommends/top-100?s=SEQUENCE,4.5 stars,06.05.2025,#41,South Asian ,English ,The-Covenant-of-Water.jpg
All the Light We Cannot see ,Fiction,Historical,Anthony Doerr ,https://www.whitcoulls.co.nz/recommends/top-100?s=SEQUENCE,4 stars,06.05.2014,#42,White (North American),English ,All-the-Light-We-Cannot-see.jpg
The Folk of the Air #01: The Cruel Prince,Fiction,Fantasy,Holly Black ,https://www.whitcoulls.co.nz/recommends/top-100?s=SEQUENCE,4 stars,02.01.2018,#43,White (North American),English ,The-Folk-of-the-Air.jpg
Atomic Habits ,Non- fiction ,Coming-of-Age,James Clear,https://www.whitcoulls.co.nz/recommends/top-100?s=SEQUENCE,4 stars,16.10.2018,#44,White (North American),English ,Atomic-Habits.jpg 
Tomorrow and Tomorrow and Tomorrow,Fiction,Coming-of-Age,Gabrielle Zevin ,https://www.whitcoulls.co.nz/recommends/top-100?s=SEQUENCE,3.5 stars,10.07.2014,#45,Mixed,English ,Tomorrow-and-Tomorrow-and-Tomorrow.jpg
Edmounds CookBook (revised) ,Non- fiction ,Other,Goodman Fielder,https://www.whitcoulls.co.nz/recommends/top-100?s=SEQUENCE,5 stars,27.09.2016,#46,White (Oceanic),English ,Edmounds-CookBook.jpg
One Hundred Years of Betty ,Fiction,Historical,Debra Oswald ,https://www.whitcoulls.co.nz/recommends/top-100?s=SEQUENCE,4 stars,04.03.2025,#47,White (Oceanic),English ,One-Hundred-Years-of-Betty.jpg
Chestnut Springs: Flawless ,Fiction,Romance, Elsie Silver,https://www.whitcoulls.co.nz/recommends/top-100?s=SEQUENCE,4 stars,29.08.2023,#48,White (North American),English ,Chestnut-Springs-Flawless.jpg
The Last Secret Agent ,Fiction,Thriller,Latour & Dobson,https://www.whitcoulls.co.nz/recommends/top-100?s=SEQUENCE,4.5 stars,13.05.2025,#49,Western/Northern European,English ,The-Last-Secret-Agent.jpg
A Court of Thorns and Roses 6 ,Fiction,Fantasy,Sarah.J.Maas,https://www.barnesandnoble.com/b/books/_/N-1fZ29Z8q8 ,4.5 stars,27.10.2026,#1,White (North American),English ,A-Court-of-Thorns-and-Roses-6.jpg 
A Court of Thorns and Roses 7,Fiction,Fantasy,Sarah.J.Maas,https://www.barnesandnoble.com/b/books/_/N-1fZ29Z8q88 ,4 stars,12.01.2026,#2,White (North American),English ,A-Court-of-Thorns-and-Roses-7.jpg
The Vanishing Cherry Blossom Bookshop (B&N Exclusive Edition),Fiction,Fantasy,"
Takuya Asakura",https://www.barnesandnoble.com/b/books/_/N-1fZ29Z8q8 ,3.5 stars,03.02.2026,#3,East Asian ,English ,The-Vanishing-Cherry-Blossom-Bookshop.jpg
Theo of Golden A Novel,Fiction,Lit-Fic,Allen Levi,https://www.barnesandnoble.com/b/books/_/N-1fZ29Z8q8 ,4.5 stars,03.10.2025,#4,White (North American),English ,Theo-of-Golden.jpg
Project Hail Mary,Fiction,Sci-fi,Andy Weir,https://www.barnesandnoble.com/b/books/_/N-1fZ29Z8q8 ,1 star,04.10.2022,#5,Unknown,English ,Project-Hail-Mary.jpg
Heated Rivalry ,Fiction,Romance,Rachel Reid ,https://www.barnesandnoble.com/b/books/_/N-1fZ29Z8q8 ,4.5 stars,26.11.2024,#6,White (North American),English ,Heated-Rivalry.jpg
Mother Bruce,Fiction,Other,Ryan T higgins,https://www.barnesandnoble.com/b/books/_/N-1fZ29Z8q8 ,4.5 stars,17.02.2026,#7,White (North American),English ,Mother-Bruce.jpg
The Correspondent A Novel,Fiction,Lit-Fic,Virginia Evans,https://www.barnesandnoble.com/b/books/_/N-1fZ29Z8q8 ,4.5 stars,29.04.2025,#8,White (North American),English ,The-Correspondent.jpg
Judge Stone A Novel,Fiction,Thriller ," James Patterson, Viola Davis",https://www.barnesandnoble.com/b/books/_/N-1fZ29Z8q8 ,4.5 stars,09.03.2026,#9,Western/Northern European,English ,Judge-Stone.jpg
Wuthering Heights,Fiction,Historical,Emily Bronte,https://www.barnesandnoble.com/b/books/_/N-1fZ29Z8q8 ,4 stars,24.11.1847,#10,Western/Northern European,English ,Wuthering-Heights.jpg
Strange Buildings A Novel ,Fiction,Mystery ," Uketsu",https://www.barnesandnoble.com/b/books/_/N-1fZ29Z8q8 ,4 stars,12.15.2023,#11,East Asian ,Japanese- English translation,Strange-Buildings.jpg
The Let Them Theory,Non- fiction ,Self Help,"Mel Robbins, Sawyer Robbins",https://www.barnesandnoble.com/b/books/_/N-1fZ29Z8q8 ,4 stars,24.12.2024,#12,White (North American),English ,The-Let-Them-Theory.jpg
Dungeon Crawler Carl ,Fiction,Thriller ,Matt Dinniman,https://www.barnesandnoble.com/b/books/_/N-1fZ29Z8q8 ,4.5 stars,30.12.2025,#13,White (North American),English ,Dungeon-Crawler-Carl.jpg
The Hybrid Prince,Fiction,Fantasy,Tui T. Sutherland,https://www.barnesandnoble.com/b/books/_/N-1fZ29Z8q8,4.5 stars,31.12.2025,#14,White (Oceanic),English ,The-Hybrid-Prince.jpg
The Long Game ,Fiction,Fantasy,Rachel Reid ,https://www.barnesandnoble.com/b/books/_/N-1fZ29Z8q8 ,4.5 stars,01.01.2026,#15,White (North American),English ,The-Long-Game.jpg
Want to Know a Secret,Fiction,Thriller ,Freida Mcfadden,https://www.barnesandnoble.com/b/books/_/N-1fZ29Z8q8 ,4 stars,01.02.2026,#16,White (North American),English ,Want-to-Know-a-Secret.jpg
The Housemaid,Fiction,Thriller ,Freida Mcfadden,https://www.barnesandnoble.com/b/books/_/N-1fZ29Z8q8 ,4.5 stars,21.04.2022,#17,White (North American),English ,The-Housemaid.jpg
Stripped Down Unfiltered and Unapologetic,Non- fiction ,Memoir,Bunnie Xo,https://www.barnesandnoble.com/b/books/_/N-1fZ29Z8q8 ,4.5 stars,01.04.2026,#18,White (North American),English ,Stripped-Down.jpg
Diary of a Wimpy Kid Partypooper ,Fiction,Other,Jeff Kinney,https://www.barnesandnoble.com/b/books/_/N-1fZ29Z8q8 ,4.5 stars,21.10.2025,#19,White (North American),English ,Diary-of-a-Wimpy-Kid-Partypooper.jpg
Game Changer ,Fiction,Romance,Rachel Reid,https://www.barnesandnoble.com/b/books/_/N-1fZ29Z8q8 ,4 stars,25.0.3.2019,#20,White (North American),English ,Game-Changer.jpg
"Jujutsu Kaisen, Vol. 29",Fiction,Fantasy, Gege Akutami,https://www.barnesandnoble.com/b/books/_/N-1fZ29Z8q8 ,4 stars,17.02.2026,#21,East Asian ,English ,Jujutsu-Kaisen-Vol-29.jpg
Just Friends A Novel,Fiction,Fantasy, Haley Pham,https://www.barnesandnoble.com/b/books/_/N-1fZ29Z8q8 ,3.5 stars,03.03.2026,#22,Southeast Asian,English ,Just-Friends.jpg
"Chainsaw Man, Vol. 20",Fiction,Fantasy, Tatsuki Fujimoto,https://www.barnesandnoble.com/b/books/_/N-1fZ29Z8q8 ,4 stars,09.04.2026,#23,East Asian ,English ,Chainsaw-Man.jpg
Red Rising (Red Rising Series #1),Fiction,Sci-fi, Pierce Brown,https://www.barnesandnoble.com/b/books/_/N-1fZ29Z8q8 ,4 stars,28.01.2014,#24,White (North American),English ,Red-Rising.jpg
The Crossroads (Joe Pickett Series #26),Fiction,Thriller , C. J. Box,https://www.barnesandnoble.com/b/books/_/N-1fZ29Z8q8 ,4.5 stars,24.02.2026,#25,White (North American),English ,The-Crossroads.jpg
This Will Be Fun A Novel,Fiction,Fantasy, E. B. Asher,https://www.barnesandnoble.com/b/books/_/N-1fZ29Z8q8 ,3.5 stars,29.10.2024,#26,White (North American),English ,This-Will-Be-Fun.jpg
For the Fans! (KPop Demon Hunters),Fiction,Childrens," Angela Song (Adapted by), Golden Books (Illustrator)",https://www.barnesandnoble.com/b/books/_/N-1fZ29Z8q8 ,3 stars,30.12.2025,#27,East Asian ,English ,For-the-Fans.jpg
I Am Rebel ,Fiction,Other, Ross Montgomery,https://www.barnesandnoble.com/b/books/_/N-1fZ29Z8q8 ,4 stars,06.06.2024,#28,Western/Northern European,English ,I-Am-Rebel.jpg
Dear Debbie,Fiction,Thriller , Freida McFadden,https://www.barnesandnoble.com/b/books/_/N-1fZ29Z8q8 ,4 stars,27.01.2026,#29,White (North American),English ,Dear-Debbie.jpg
"And Now, Back to You",Fiction,Romance, B.K. Borison,https://www.barnesandnoble.com/b/books/_/N-1fZ29Z8q88 ,4 stars,24.02.2026,#30,Unknown,English ,And-Now-Back-to-You.jpg
Cross and Sampson,Fiction,Thriller ," James Patterson, Brian Sitts",https://www.barnesandnoble.com/b/books/_/N-1fZ29Z8q8 ,4 stars,29.01.2026,#31,White (North American),English ,Cross-and-Sampson.jpg
Mona's Eyes ,Fiction,Lit-Fic," Thomas Schlesser, Hildegarde Serle (Translator)",https://www.barnesandnoble.com/b/books/_/N-1fZ29Z8q8 ,3.5 stars,31.01.2024,#32,Western/Northern European,English ,Monas-Eyes.jpg
Atomic Habits,Non- fiction ,Self Help, James Clear,https://www.barnesandnoble.com/b/books/_/N-1fZ29Z8q8 ,4.5 stars,18.10.2018,#33,Western/Northern European,English ,Atomic-Habits.jpg
Cozy Friends,Non- fiction ,Other,Coco Wyo,https://www.barnesandnoble.com/b/books/_/N-1fZ29Z8q8 ,4.5 stars,22.05.2024,#34,Southeast Asian,English ,Cozy-Friends.jpg
A Killing Cold A Novel,Fiction,Thriller , Kate Alice Marshall,https://www.barnesandnoble.com/b/books/_/N-1fZ29Z8q8 ,4 stars,04.02.2025,#35,White (North American),English ,A-Killing-Cold.jpg
Carl's Doomsday Scenario,Fiction,Sci-fi, Matt Dinniman,https://www.barnesandnoble.com/b/books/_/N-1fZ29Z8q8 ,4.5 stars,06.01.2021,#36,Western/Northern European,English ,Carls-Doomsday-Scenario.jpg
The Fox Hunt A Novel,Fiction,Lit-Fic, Caitlin Breeze,https://www.barnesandnoble.com/b/books/_/N-1fZ29Z8q8 ,3.5 stars,24.02.2026,#37,Western/Northern European,English ,The-Fox-Hunt.jpg
Murdle Volume 1,Non- fiction ,Other,G. T. Karber,https://www.barnesandnoble.com/b/books/_/N-1fZ29Z8q8 ,4.5 stars,01.01.2023,#38,White (North American),English ,Murdle-Volume-1.jpg
Game On,Fiction,Romance, Navessa Allen,https://www.barnesandnoble.com/b/books/_/N-1fZ29Z8q8 ,4 stars,31.03.2026,#39,Unknown,English ,Game-On.jpg
In Her Own League,Fiction,Romance," Liz Tomforde",https://www.barnesandnoble.com/b/books/_/N-1fZ29Z8q8 ,4.5 stars,03.03.2026,#40,White (North American),English ,In-Her-Own-League.jpg
Cozy Corner,Non- fiction ,Other, Coco Wyo,https://www.barnesandnoble.com/b/books/_/N-1fZ29Z8q8 ,5 stars,27.01.2026,#41,Southeast Asian,English ,Cozy-Corner.jpg
Big Jim Believes ,Fiction,Childrens,Dav Pilkey,https://www.barnesandnoble.com/b/books/_/N-1fZ29Z8q8 ,4.5 stars,11.11.2025,#42,White (North American),English ,Big-Jim-Believes.jpg
Lights Out ,Fiction,Romance,Navessa Allen ,https://www.barnesandnoble.com/b/books/_/N-1fZ29Z8q8 ,4 stars,14.02.2024,#43,Unknown,English ,Lights-Out.jpg
"The Savage, Noble Death of Babs Dionnei",Fiction,Thriller , Ron Currie,https://www.barnesandnoble.com/b/books/_/N-1fZ29Z8q8 ,4 stars,25.03.2025,#44,White (North American),English ,The-Savage-Noble-Death-of-Babs-Dionnei.jpg
Green Eggs and Ham Deluxe,Fiction,Childrens, Dr. Seuss,https://www.barnesandnoble.com/b/books/_/N-1fZ29Z8q8 ,4.5 stars,31.02.2026,#45,Western/Northern European,English ,Green-Eggs-and-Ham-Deluxe.jpg
Operation Bounce House,Fiction,Sci-fi, Matt Dinniman,https://www.barnesandnoble.com/b/books/_/N-1fZ29Z8q8 ,4 stars,10.02.2026,#46,White (North American),English ,Operation-Bounce-House.jpg
Mistakes Were Made,Fiction,Romance, Lucy Score,https://www.barnesandnoble.com/b/books/_/N-1fZ29Z8q8 ,4 stars,10.03.2026,#47,White (North American),English ,Mistakes-Were-Made.jpg
Reminders of Him,Fiction,Romance,Colleen Hoover,https://www.barnesandnoble.com/b/books/_/N-1fZ29Z8q8 ,4.5 stars,18.01.2022,#48,White (North American),English ,Reminders-of-Him.jpg
The Dungeon Anarchist's Cookbook,Fiction,Sci-fi, Matt Dinniman,https://www.barnesandnoble.com/b/books/_/N-1fZ29Z8q8 ,4.5 stars,19.03.2021,#49,White (North American),English ,The-Dungeon-Anarchists-Cookbook.jpg
Woman Down A Novel,Fiction,Thriller ,Colleen Hoover,https://www.barnesandnoble.com/b/books/_/N-1fZ29Z8q8 ,3.5 stars,13.01.2026,#50,White (North American),English ,Woman-Down.jpg